Paper Title,Author,Journal/Conference,Publish Date,Citation Count,Selection Rationale,Keywords,Abstract,Paper URL
Phase-Based Noncontact Vibration Measurement of High-Speed Magnetically Suspended Rotor,"Cong Peng, Cong Zeng, Yangang Wang",IEEE Transactions on Instrumentation and Measurement,2020-07-01,34,"블록 A 핵심: 회전기계(자기부상 로터)를 대상으로 improved phase-based motion extraction 제안. 위상 변화를 직접 변위로 변환(위상 기울기 계산 생략), 마커 없이 고속카메라 영상에서 미세진동 추출. 학습 기반 영상 확대도 병행 검증.",phase-based optical flow/rotating machinery/markerless displacement,"Video-based measurement, as one of the most common noncontact measurement methods for industrial inspection, has been developed rapidly. Digital video cameras offer the benefit of low cost, high automation, and are capable to make the simultaneous full-field measurement. This article focuses on studying the microvibrational signal extraction for high-speed rotating machinery with digital cameras. An improved phase-based motion extraction and learning-based video magnification are proposed for measuring the microvibration with high frequency and small amplitude. The phase-based motion extraction is improved by directly transforming the phase variations into the displacement without the computation of phase gradient. Furthermore, the learning-based motion magnification is utilized to amplify and qualitatively measure the microvibration in specified frequency bands. The phase-based motion extraction is a quantitative measurement, while the learning-based video magnification is a qualitative measurement. Experimental results for microvibration measurement rising from a magnetically suspended motor system validate the effectiveness of the proposed method.",https://ieeexplore.ieee.org/document/8930299/
Camera-Based Micro-Vibration Measurement for Lightweight Structure Using an Improved Phase-Based Motion Extraction,"Cong Peng, Cong Zeng, Yangang Wang",IEEE Sensors Journal,2020-03-01,53,블록 A+C: 경량 구조물 대상 개선된 phase-based motion extraction으로 마커 없이 변위→가속도 변환. 서로 다른 카메라 파라미터/다운샘플링 효과 실험 검증.질량 로딩 영향 없음 확인.,phase-based motion extraction/camera parameters/markerless,"Video cameras are capable to collect high-density spatial data as each pixel is a sensor. An issue is that the video data is difficult to convert into the motion information, such as displacement. This paper presents a novel camera-based vibration measurement methodology for the lightweight structure. First, the phase-based motion extraction method is improved by directly transforming the phase variations into the displacement without the computation of phase gradient. The displacement is then converted into acceleration information to describe the vibration. Moreover, the proposed vibration measurement is investigated for a lightweight structure without attached sensors to change the physical properties. The measurements of the acceleration signals from camera and accelerometer are compared for verification. The experimental results for the effect of mass-loading, different camera parameters and down-sampling on the measurement validate the effectiveness of the proposed method.",https://ieeexplore.ieee.org/document/8890727/
Video Camera–Based Vibration Measurement for Civil Infrastructure Applications,"Justin G. Chen, Abe Davis, Neal Wadhwa, Frédo Durand, William T. Freeman, Oral Büyüköztürk",Journal of Infrastructure Systems,2017-09-01,213,"블록 A+C 고인용: motion magnification 기법으로 175m 거리에서 안테나탑 고유진동수 식별(0.21mm, 1/170픽셀). 동작 보상·비디오 다운샘플링·노이즈 플로어 개선 논의.",motion magnification/civil infrastructure/long-range measurement,"Visual testing, as one of the oldest methods for nondestructive testing (NDT), plays a large role in the inspection of civil infrastructure. As NDT has evolved, more quantitative techniques have emerged such as vibration analysis. New computer vision techniques for analyzing the small motions in videos, collectively called motion magnification, have been recently developed, allowing quantitative measurement of the vibration behavior of structures from videos. Video cameras offer the benefit of long range measurement and can collect a large amount of data at once because each pixel is effectively a sensor. This paper presents a video camera-based vibration measurement methodology for civil infrastructure. As a proof of concept, measurements are made of an antenna tower on top of the Green Building on the campus of the Massachusetts Institute of Technology (MIT) from a distance of over 175 m, and the resonant frequency of the antenna tower on the roof is identified with an amplitude of 0.21 mm, which was less than 1/170th of a pixel. Methods for improving the noise floor of the measurement are discussed, especially for motion compensation and the effects of video downsampling, and suggestions are given for implementing the methodology into a structural health monitoring (SHM) scheme for existing and new structures.",https://ascelibrary.org/doi/10.1061/%28ASCE%29IS.1943-555X.0000348
Phase-Based Vibration Frequency Measurement From Videos Recorded by Unstable Cameras,"Zongdi Zang, Xuezhi Yang, Gang Zhang, Jincheng Wang, Jing Chen",IEEE Transactions on Instrumentation and Measurement,2022-01-01,15,블록 A+C: 불안정 카메라(흔들림) 영상에서 위상 기반 진동 주파수 측정. 인접프레임 위상차로 공간 표현 구축→선형 카메라 운동 제거→특이 스펙트럼 분석으로 왜곡 복원. 실험실+야외 검증.,unstable camera/phase-based vibration/camera motion separation,"Cameras can be used as noncontact sensors to measure target vibration conveniently. Recently, spatial phase-based methods have been developed to detect small vibrations with robustness to imaging noise. To deal with videos recorded by unstable cameras, this article proposes a novel phase-based method, which focuses on separating camera motions from target vibrations in the spatial domain and the temporal domain. The proposed method first builds a spatial representation based on adjacent-frame phase differences, which can maintain the optical flow continuity and subsequently lead to the removal of linear camera motions in the spatial domain. Then, the temporal vibration waveforms, which may still contain distortions caused by unstable camera and noise, are extracted. To restore the target vibration, a singular spectrum analysis is further incorporated for characterizing target vibrations and attenuating the distortions. The proposed method is evaluated in various laboratory and outdoor experiments. Compared with the state-of-the-art methods, the proposed method demonstrates substantial improvements on the vibration frequency measurement in the presence of camera motions.",https://ieeexplore.ieee.org/document/9853607/
Time-Varying Motion Filtering for Vision-Based Nonstationary Vibration Measurement,"Zhen Liu, Qingbo He, Shiqian Chen, Zhike Peng, Wenming Zhang",IEEE Transactions on Instrumentation and Measurement,2020-06-01,33,"블록 A: 기존 PVMM은 정상진동에만 적용 가능하나, 본 논문은 time-varying motion filtering(TVMF)을 제안해 비정상 진동 분해 및 시변 모드형상 시각화. 마커 없이 phase-based 방식 확장.",nonstationary vibration/time-varying motion filtering/phase-based magnification,"In the field of vibration measurement, the vision-based approach can achieve high spatial resolution compared to traditional accelerometers and lasers and thus has attracted much attention during the past decades. A recently developed phase-based video motion magnification (PVMM) technique to estimate subtle motions from videos is only suitable for stationary vibration measurement, because it is limited to analyze the well-separated vibration modes. In this article, a time-varying motion filtering (TVMF) method is presented to endow the PVMM technique with the ability to decompose nonstationary vibrations and visualize the time-dependent mode shapes of nonstationary systems. Specifically, we first build a parameterized mathematical model for the video motions and then extract each vibration mode by optimizing a set of parameters. After modulating each mode with an amplification factor, the time-varying characteristics of the vibration mode shapes can be visualized to naked eyes. Compared to the traditional PVMM technique, the merit of the proposed TVMF is verified to be able to produce less noise and fewer artifacts in nonstationary vibration measurement. The performance of TVMF is demonstrated on both a simulated experiment and a real nonstationary moving mass system.",https://ieeexplore.ieee.org/document/8822788/
Visual vibration measurement of rotating shafts utilising optical flow enhanced by single-component image phase,"Junshen Zhang, Q Zhang, Xiange Hou, Chenggang Hou",Nondestructive Testing And Evaluation,2026-04-30,0,"블록 A: 회전축 대상 SCIPOF(단일성분 영상 위상 강화 광학흐름) 제안. 협대역 대역통과 필터로 단일성분 영상 분리→해석신호 구성→위상 변화를 변위로 변환.기존 방법 대비 파라미터 자동 선택, 저SNR에서도 강건.",rotating shaft/single-component image phase/optical flow,"Noncontact vibration-measurement methods based on machine vision have been widely applied for their high scene adaptability, low cost, and easy operation. Directly obtaining vibration signals of rotating shafts using machine vision is an innovative and efficient way to assess the vibration intensity and operational status of rotating mechanical systems. However, their measurement accuracy is limited by lighting, noise, image resolution, and other factors. This work introduces a visual vibration-measurement method utilising optical flow enhanced by single-component image phase (SCIPOF). This method separates single-component images from the original images by designing a narrowband bandpass image filter with highly concentrated frequency components. Subsequently, analytic signals are constructed using these single-component images and their first order derivatives, from which the phase of the images is extracted. Finally, the phase variations from the reference image to other images in the videos are converted to the actual displacement signal of shafts. The proposed method avoids the effect of manual parameter selection of existing methods on measurement accuracy, which improves its robustness. A series of numerical simulations and actual rotor experiments demonstrate that SCIPOF outperforms existing methods in accuracy and reliability, and maintains high accuracy even with low signal-to-noise ratio video data.",https://www.tandfonline.com/doi/full/10.1080/10589759.2026.2666895
Extracting sub-pixel displacement measurements using visual vibrometry methods for non-destructive evaluation,"Lucy Dougill, Anthony J. Croxford, Paul D. Wilcox",Journal of Sound and Vibration,2025-05-05,0,블록 A: 강제가진+phase-based optical flow로 서브픽셀 변위 추출. motion magnification 없이 저프레임레이트 카메라로도 0.65μm(1/200픽셀) 분해능 달성. 마커 없이 엣지 기반.,sub-pixel displacement/forced excitation/phase-based optical flow,"Vibration-based methods are crucial for Non-Destructive Evaluation (NDE), with non-contact techniques valued for their adaptability to various materials and structures. This paper presents a cost-effective approach to vibrational analysis using off-the-shelf cameras to capture videos of forcibly excited structures. The method combines forced excitation with phase-based optical flow to extract sub-pixel displacements, eliminating the need for motion magnification. Forced excitation facilitates temporal Fourier analysis, optimising sub-pixel displacement extraction, enhancing sensitivity, and improving efficiency. In contrast to traditional methods that require high-frame rate cameras and extensive computational resources, this system operates effectively with a low-frame rate camera, making it well-suited for NDE applications in industrial settings. Visual vibrometry works on the principle that damage alters a structure’s vibrational response, using changes in pixel values as motion sensors for sub-pixel measurements. Forced excitation amplifies sensitivity by actively probing structures, aiding in early-stage damage detection. A case study of a cantilever structure demonstrated the system’s ability to resolve displacements as small as 0 . 65 μ m (1/200th of a pixel). Comparative analysis of defective and pristine cantilever samples revealed subtle differences in mode shapes, with the optimisation curve-fit method successfully identifying defects and showing promise for defect localisation. • Phase-based motion estimation with forced excitation for defect detection without magnification. • Temporal Fourier transform enhances computational efficiency and displacement accuracy. • Optimised curve fitting and sub-pixel displacement extraction for defect localisation. • Method works effectively with low-frame rate video and minimal hardware requirements. • Sensitivity analysis improves defect detection and localisation in visual vibrometry.",https://linkinghub.elsevier.com/retrieve/pii/S0022460X2500210X
VISION-BASED MODAL ANALYSIS OF MACHINE TOOL SYSTEMS: PROGRESS AND PROSPECTS,Mohit Law,Journal of Flow Visualization and Image Processing,2024-01-01,0,"블록 A 서베이: 공작기계 대상 비전기반 모달분석 리뷰. 마커 사용 vs 기계 자체 특징(feature) 기반 운동 등록, 카메라 선택, 공간-시간 에일리어싱 회피 방법론 정리.",vision-based modal analysis/machine tool/marker vs markerless review,"Modal analysis of machine tools involves estimating natural frequencies, damping ratios, and mode shapes from the vibratory response of the machine tool. Usually, modal hammers and shakers are used to excite, and accelerometers or laser vibrometers are used to measure the response. Though these procedures have become routine, sometimes the use of accelerometers can result in mass-loading that distorts the response, and though laser vibrometers are non-contact, their use is precluded by their high costs. To counter these issues, vision-based modal analysis methods have emerged as a viable and promising alternative. The spatiotemporal response is estimated by treating every pixel in every frame in the video of the vibrating machine as a motion sensor. Image processing schemes leveraged from developments in allied fields are then used to register motion from video. The method is noncontact, full field, and only needs a camera and post-processing on a computer, and as such, it offers advantages over the traditional measurement methods. Since vision-based methods are potentially paradigm-shifting, this paper reviews the recent progress to contextualize the prospects of the method. The review includes discussions on selection considerations of cameras and acquisition parameters, on using markers and the machine's own features to register motion, on the efficacy of different motion registration schemes, and workarounds for when motion is spatiotemporally aliased. The paper concludes by discussing challenges and prospects related to motion synchronization, measuring speed and time-varying dynamics, and technological trends that may aid the adoption of the method.","https://www.dl.begellhouse.com/journals/52b74bd3689ab10b,440ad51f4bfe9338,6e4f2fbd39413daa.html"
Intelligent Machinery Fault Diagnosis With Event-Based Camera,"Xiang Li, Shupeng Yu, Yaguo Lei, Naipeng Li, Bin Yang",IEEE Transactions on Industrial Informatics,2024-01-01,170,"블록 B 최고인용: 이벤트카메라로 비접촉 진단 선도 연구. vibratioin event representation로 이벤트→데이터샘플 변환, DCNN 분류.환경 노이즈 이벤트 대상 데이터 증강+표현 클러스터링 제안.가속도계 데이터와 견줄만한 정확도.",event camera/bearing fault diagnosis/deep learning/non-contact,"Event-based cameras are the emerging bioinspired technology in vision sensing. Different from the traditional standard cameras, the event-based cameras asynchronously record the brightness change per pixel, and have the great merits of high temporal resolution, low energy consumption, high dynamic range, etc. While the event-based cameras have been initially exploited in several common vision-based tasks in the recent years, the investigation on machine condition monitoring problem is quite limited. This article offers the first attempt in the current literature on exploring the contactless event vision data for machine fault diagnosis. A vibration event representation is proposed to transform the event records into typical data samples, and a deep convolutional neural network model is used for processing the event information. To enhance the model robustness against environmental noisy vision events, an event data augmentation method is proposed to introduce variations of the event patterns. A deep representation clustering method is further proposed to improve the pattern recognition performance with respect to different machine health conditions. Experiments on the event vision-based rotating machine fault diagnosis problem are carried out. It is extensively validated that high fault diagnosis accuracies can be obtained using the vision data from the event-based cameras, which are competitive with the popular accelerometer data. Considering the properties of flexibility, portability, and data recognizability, the event-based cameras thus provide a promising new tool for contactless machine health condition monitoring and fault diagnosis.",https://ieeexplore.ieee.org/document/10086648/
Non-Contact Machine Vibration Sensing and Fault Diagnosis Method Based on Event Camera,"Ruiyi Guang, Xiang Li, Yaguo Lei, Naipeng Li, Bin Yang",,2023-09-22,15,블록 B: 이벤트카메라 이벤트→누적프레임→Gabor필터로 시간영역 진동 추출→3층 웨이블릿 패킷 분해+포뢰스 스펙트럼으로 결함특성주파수 식별. 베어링 실험 검증.,event camera/Gabor filter/bearing fault/non-contact diagnosis,"Rotating machinery plays a key role in the field of industrial manufacturing and is an indispensable equipment in the production line. Many rotating machines work in extreme environments for a long time, which makes them more prone to various failures. Now it is popular to use the vibration signal collected by the accelerometer for fault diagnosis. However, accelerometers are contact sensors, and their installations are limited in many situations. To relieve this requirement, this paper use event-based vision sensor for non-contact signal acquisition and fault diagnosis. We propose a novel event vision-based method for machine fault diagnosis. First, the event data are integrated into cumulative event frames and the time-domain signal of the vibration is extracted through a Gabor filter. Then, we use the three-layer wavelet packet decomposition method and envelope spectrum analysis on the time-domain signal to obtain the fault characteristic frequency and identify the faults. The experiments on rolling bearings validate the effectiveness of the method, indicating that event cameras have broad application prospects in the field of non-contact fault diagnosis.",https://ieeexplore.ieee.org/document/10295762/
Vision-based non-contact vibration measurement and fault diagnosis of rolling bearings,"Jun Zhou, Jian Hu, Xing Wu, Tao Liu",Measurement Science and Technology,2025-12-08,4,블록 B 핵심: 고속비디오로 베어링/로터 비접촉 진동 측정→복소 제어피라미드 구조+프레임 간 위상차→진동신호 재구성→이차합성곱망으로 결함 특징 추출. 조명 변화·노이즈 조건에서 강건성 검증.,high-speed video/bearing fault/quadratic CNN/complex controllable pyramid,"Abstract Accurate vibration measurement is crucial for reliable fault diagnosis of rotating machinery. Conventional contact-based sensors are limited by installation constraints and environmental noise, reducing their applicability in complex industrial environments. High-speed video, as a non-contact vibration sensing tool, offers great potential but is challenged by variations in illumination and noise, making it difficult to extract vibration signals effectively. To address these challenges, we propose a novel non-contact visual measurement method. Video frames are processed into multi-scale representations using a complex controllable pyramid structure, and inter-frame phase differences are utilized to reconstruct vibration signals. Quadratic convolutional networks are applied to extract fault-related features from the visual vibration signals, enhancing fault diagnosis. Experimental validation on rolling bearings and rotors demonstrates the method’s robustness under varying illumination and noise conditions. The results show that the proposed approach significantly improves fault diagnosis accuracy and reliability compared to traditional methods. This method offers a promising solution for intelligent, non-contact machinery health monitoring, with practical feasibility for integration into existing diagnostic frameworks.",https://iopscience.iop.org/article/10.1088/1361-6501/ae297e
Dynamic Vision-Enabled Intelligent Micro-Vibration Estimation Method with Spatiotemporal Pattern Consistency,"Shupeng Yu, Xiang Li, Yaguo Lei, Bin Yang, Naipeng Li",IEEE/CAA Journal of Automatica Sinica,2025-11-01,6,"블록 B: 이벤트카메라로 미세진동 추정. 시공간 패턴 일관성 유지하는 진동정보추출모듈 제안, 다중 관심영역 동시 융합.회전기계 테스트리그 검증.",event camera/micro-vibration estimation/spatiotemporal pattern,"Dear Editor, This letter proposes a novel dynamic vision-enabled intelligent micro-vibration estimation method with spatiotemporal pattern consistency. Inspired by biological vision, dynamic vision data are collected by the event camera, which is able to capture the micro-vibration information of mechanical equipment, due to the significant advantage of extremely high temporal sampling frequency. A specially designed vibration information extraction module is proposed for processing the dynamic vision data and extracting the hidden micro-vibration information. The proposed method can also simultaneously fuse vibration information extracted from multiple areas of interest and improve the vibration estimation performance. Experiments on rotating machinery test rigs are conducted to demonstrate the effectiveness of the proposed method. The experimental results validate that the proposed method can accurately estimate micro-vibration from dynamic visual signals, thus enabling non-contact vibration monitoring from the perspective of vision.",https://ieeexplore.ieee.org/document/11271386/
Multimodal Large Language Model-Enabled Machine Intelligent Fault Diagnosis Method with Non-Contact Dynamic Vision Data,"Zhenzhou Lü, Cuiying Sun, Xiang Li",Sensors,2025-09-01,11,"블록 B: 이벤트카메라+멀티모달 대형언어모델(Qwen2.5-VL-7B)로 베어링 결함 분류. OpenCV 핵심프레임 추출(Strategy A)과 내장 비디오 파이프라인(Strategy B) 비교.3운전조건·4RPM 검증, 95.4% 정확도.",event camera/multimodal LLM/bearing fault classification,"Smart manufacturing demands ever-increasing equipment reliability and continuous availability. Traditional fault diagnosis relies on attached sensors and complex wiring to collect vibration signals. This approach suffers from poor environmental adaptability, difficult maintenance, and cumbersome preprocessing. This study pioneers the use of high-temporal-resolution dynamic visual information captured by an event camera to fine-tune a multimodal large model for the first time. Leveraging non-contact acquisition with an event camera, sparse pulse events are converted into event frames through time surface processing. These frames are then reconstructed into a high-temporal-resolution video using spatiotemporal denoising and region of interest definition. The study introduces the multimodal model Qwen2.5-VL-7B and employs two distinct LoRA fine-tuning strategies for bearing fault classification. Strategy A utilizes OpenCV to extract key video frames for lightweight parameter injection. In contrast, Strategy B calls the model’s built-in video processing pipeline to fully leverage rich temporal information and capture dynamic details of the bearing’s operation. Classification experiments were conducted under three operating conditions and four rotational speeds. Strategy A and Strategy B achieved classification accuracies of 0.9247 and 0.9540, respectively, successfully establishing a novel fault diagnosis paradigm that progresses from non-contact sensing to end-to-end intelligent analysis.",https://www.mdpi.com/1424-8220/25/18/5898
Non-contact condition monitoring of rotating machinery via phase-synchronized stroboscopic imaging,"S. W. Jeong, Yeseul Kong, Seunghwan Lee, Gyuhae Park",Structural Health Monitoring,2026-01-22,0,블록 B: 저가 이미징 하드웨어+위상동기 스트로보 영상으로 회전 블레이드 모니터링. phase-based optical flow로 미세변위 추정→진단특징 추출→볼트풀림/질량불평형/축정렬불량 분류.설계된 마커 사용.,stroboscopic imaging/phase-based optical flow/rotating machinery/low-cost,"Condition monitoring (CM) of rotating machinery is critical for maintaining operational efficiency, reducing maintenance costs, and preventing unexpected failures. Traditionally, CM has relied primarily on vibration-based analysis using contact sensors. While effective, such approaches require physical installation and may interfere with system operation. Recent advances in vision-based techniques offer significant advantages, including non-contact measurement, full-field analysis, and high spatial resolution. This study presents a novel stroboscopic imaging-based method for monitoring the condition of rotating blades. Unlike conventional stroboscopic approaches that depend on costly lighting systems and high-speed cameras, the proposed technique operates with low-cost imaging hardware by combining phase-synchronized acquisition with vision-based measurement. The system employs a vision sensor triggered by phase-locked signals synchronized with the rotational speed to produce stroboscopic video sequences. These sequences are analyzed using a phase-based optical flow algorithm to estimate micro-displacements of rotating structures marked with designed markers. The resulting displacement fields are processed to extract diagnostic features, which are then used to classify structural conditions as normal or damaged. Experimental validation demonstrates that the method can reliably detect critical fault modes, including bolt loosening, mass imbalance, and shaft misalignment. The results highlight the potential of this vision-based approach to deliver robust, accurate, and efficient CM of rotating machinery, offering clear advantages over traditional contact-sensor methods. The proposed technique advances the development of non-invasive CM solutions and can be extended to a broad range of rotating mechanical systems.",https://journals.sagepub.com/doi/10.1177/14759217251410493
Line segment tracking for camera-based vibration measurement of large structures in outdoor conditions,"Yunhyeok Han, Gwendal Cumunel, Stefania Lo Feudo, Franck Renaud",Mechanical Systems and Signal Processing,2025-12-13,0,블록 C 핵심: 실외 대형구조물 진동측정용 LST(Line Segment Tracking) 제안. DIC/LK 대비 조명변화 영향 최소화.타워크레인 3차원 변위 측정 검증.,line segment tracking/outdoor vibration/illumination robustness,"This paper introduces and validates a computer vision method called the Line Segment Tracking (LST). It is designed for vibration measurement of large structures under outdoor conditions. Compared to conventional window-based methods such as Digital Image Correlation (DIC) and Lucas-Kanade Optical Flow (LKOF), the LST method minimizes disturbances within the region of interest by estimating the displacement of an intersection point determined by tracked line segments. First, error quantification and a parametric study of the LST method were conducted using synthetic images. The results were further validated with real images captured under laboratory conditions, utilizing a real-time camera orientation estimation program for precise alignment. Finally, the displacement of a tower crane in operation within an outdoor environment was measured. The validation of the LST method was performed by comparing its results with acceleration measurements. Comparative analysis demonstrated that the LST method not only produced results consistent with those obtained using DIC and LKOF but also effectively reduced the impact of light variations in images. In conclusion, the proposed LST method is a robust alternative to traditional window-based tracking techniques, suitable for vibration measurement in challenging outdoor environments. • Description of the Line Segment Tracking (LST) method for vibration measurement. • Validation of LST on synthetic and real images in lab and outdoor conditions. • Error and parametric analysis of LST with a real-time camera pose estimation program. • Measurement of the 3 dimensional displacement of a tower crane using LST. • Reduction of local light disturbance within ROI compared to window-based methods.",https://linkinghub.elsevier.com/retrieve/pii/S0888327025014293
Video‐Based Micro‐Vibration Measurement for Hydraulic Structures in Field Environments Using Phase‐Based Motion Extraction,"Yan Zhang, Songhui Li, Yanbing Zhao, Xunnan Liu",Earthquake Engineering and Resilience,2025-09-01,0,"블록 C: 수리구조물 대상 야외 배치 phase-based 비디오 방법. 조명 변화·촬영 각도·스케일 변화에 대한 강건성 평가.센서 데이터와 상관계수 0.96, 0-20Hz에서 특히 강건.균일조명 필수, 직각 촬영 중요.",field robustness/illumination variation/shooting angle/phase-based,"ABSTRACT Hydraulic structures subjected to prolonged operational conditions inevitably experience damage and potential structural resonance, which threaten their stability and safety. Structural health monitoring (SHM) is a well‐established approach to ensuring safety; however, conventional methods primarily rely on contact sensors, which are inadequate for comprehensive monitoring of large and complex structures. Video‐based noncontact monitoring techniques effectively address this limitation. This study proposes a field‐deployable, phase‐based video method to measure micro‐vibrations of large hydraulic structures. Rather than batch processing full frames, vibration time histories are extracted from user‐defined pixels or pixel groups, enabling efficient region of interest (ROI)—level analysis with synchronized high‐speed videos. We then assess the method's robustness under varied illumination conditions, shooting angles, and scales, and visualize micro‐motions using frequency‐selective motion magnification. On an aging aqueduct, video‐derived responses show strong agreement with those obtained via displacement sensors; the correlation coefficient with sensor data reaches up to 0.96, accurately capturing the spectral peak bands within the 0−100 Hz and demonstrating exceptional robustness in the 0−20 Hz. Based on the discussion of practical limits, we provide guidelines for low‐texture, large‐scene monitoring. Adequate and uniform illumination is essential, and local fine‐scale features can significantly improve accuracy. The correlation coefficient can be increased by 0.1–0.3. Perpendicularity between the shooting angle and the target vibration direction is critical for obtaining high‐precision data.",https://onlinelibrary.wiley.com/doi/10.1002/eer2.70020
Deep learning-based motion magnification and frames matching for structural displacement measurement using computer vision,"Chiyuan Lin, Jun Li, Hong Hao",Engineering Structures,2025-11-03,2,블록 C: 딥러닝 기반 모션 확대(EulerMormer)+Phase-ECC 하이브리드 프레임 매칭. 정상+저조도 조건에서 서브픽셀 변위 측정.기존 대비 저조도 성능 우수.,deep learning motion magnification/low-light/sub-pixel displacement,"Compared with traditional contact and non-contact sensors used for acquiring vibration displacement responses, fixed cameras with the assistance of computer vision (CV) technology, offer lower costs and a greater flexibility in structural health monitoring (SHM). However, capturing subtle structural vibrations remains challenging due to low motion visibility and visual degradation caused by low illumination, weak textures, and image noise. To overcome this challenge, this paper proposes a vision-based structural displacement monitoring approach comprising three main steps, namely, camera calibration, subtle motion magnification, and frames matching for estimating displacement. The state-of-the-art deep learning-based motion magnification method (EulerMormer) is employed to improve the visibility of these subtle vibrations and exhibit fewer artifacts and distortions without prior knowledge of the target structure. A hybrid frames matching method termed Phase-ECC is designed, integrating phase correlation and enhanced correlation coefficient (ECC) to robustly estimate sub-pixel inter-frame translations across a wide range of vibration magnitudes. The proposed approach is validated through a rigid beam under controlled excitations, a cantilever beam excited by a shaker, and a vehicle-bridge interaction scenario under both normal and low-light conditions. The results demonstrate that the applied EulerMormer offers a significant advancement in minimizing distortion and artifacts, especially under large amplification factors or large-magnitude vibrations compared to other existing methods. The proposed approach accurately measures micro structural displacements, outperforming traditional vision-based techniques in terms of tracking accuracy, noise robustness, and low-light performance. • This paper proposes a novel structural displacement measurement approach for SHM. • The proposed approach is built on deep learning-based motion magnification. • Motion magnification and frames matching are used to process vision videos. • The effectiveness and accuracy of the proposed approach are demonstrated. • The proposed approach is verified with experimental studies and modal identification.",https://linkinghub.elsevier.com/retrieve/pii/S0141029625020383
Vision-Based Displacement Measurement for Structural Health Monitoring: A Metrology-Oriented Review of Uncertainty Quantification,"Arman Neyestani, Francesco Picariello, Ioan Tudosa, Michela Monaco, Luca De Vito, Mauro D’Arco",Buildings,2026-07-04,0,블록 C 서베이: 비전기반 변위측정 불확도 정량화(UQ) 메트롤로지 리뷰. 조명·카메라 흔들림·광학난류·플랫폼 운동 등 불확도 소스 체계적 정리.야외/이동카메라 벤치마크 표준화 방향 제시.,uncertainty quantification/camera shake/illumination/metrology review,"This paper presents a metrology-oriented review of vision-based displacement and deformation measurement for civil structural health monitoring (SHM), with an emphasis on field robustness and uncertainty quantification (UQ). The review focuses on image- and video-based methods that convert visual information into quantitative physical measurements, such as displacement, strain, or derived dynamic indicators. The literature is organized according to the main stages of the measurement chain: image formation, image-plane motion estimation, and geometric conversion to metric motion. Within this framework, measurement pipelines are interpreted through three levels of geometric mapping, namely, a scalar scale-factor model, a planar homography-based model, and a full Jacobian-based model. The review synthesizes major method families, including marker-based and markerless tracking, feature-based tracking, optical flow, digital image correlation (DIC), phase-based motion magnification, edge-based estimators, fixed- and moving-camera configurations, UAV-based acquisition with ego-motion compensation, hybrid vision–sensor fusion, and deep-learning-enhanced pipelines. A structured taxonomy of uncertainty sources is then presented along the processing chain, covering camera geometry and calibration, imaging noise and blur, quantization, timing and synchronization, environmental disturbances, optical turbulence and heat haze, platform motion, algorithmic failure modes, and reference-sensor uncertainty. The paper also compares UQ practices, including GUM-aligned analytical propagation, Monte Carlo methods, DIC-specific error budgets, bootstrap and resampling strategies, and probabilistic deep learning. The main contribution of this review is to connect computer-vision-based displacement pipelines with metrological requirements by explicitly linking measurement models, uncertainty sources, UQ methods, and field-validation evidence within a unified framework. A practical uncertainty-budget template is compiled to support traceable reporting across different pipelines and deployment scenarios. The paper concludes with prioritized research gaps and future directions, including standardized benchmarks and datasets, traceable UQ for moving-camera systems, multi-sensor fusion with end-to-end uncertainty propagation, long-term drift characterization, optical-turbulence and adverse-weather modeling, validated subpixel limits at extreme range, probabilistic deep learning–metrology integration, and standardized reporting practices.",https://www.mdpi.com/2075-5309/16/13/2659
A New Deep Transfer Learning Method for Bearing Fault Diagnosis Under Different Working Conditions,"Jun Zhu, Nan Chen, Changqing Shen",IEEE Sensors Journal,2020-08-01,261,블록 D 고인용: CNN을 전이학습 시나리오로 일반화. 태스크 특징 레이어 적응+다중 가우시안 커널로 도메인 손실 계산.분포 격차 감소로 전이 특징 학습.,deep transfer learning/CNN/domain adaptation/variable conditions,"Fault diagnosis is very important for condition based maintenance. Recently, deep learning models are introduced to learn hierarchical representations from raw data instead of using hand-crafted features, which exhibit excellent performance. The success of current deep learning lies in: 1) the training (source domain) and testing (target domain) datasets are from the same feature distribution; 2) Enough labeled data with fault information exist. However, because the machine operates under a non-stationary working condition, the trained model built on the source domain can not be directly applied on the target domain. Moreover, since no sufficient labeled or even unlabeled data are available in target domain, collecting the labeled data and building the model from scratch is time-consuming and expensive. Motivated by transfer learning (TL), we present a new fault diagnosis method, which generalizes convolutional neural network (CNN) to TL scenario. Two layers with regard to task-specific features are adapted in a layer-wise way to regularize the parameters of CNN. What’s more, the domain loss is calculated by a linear combination of multiple Gaussian kernels so that the ability of adaptation is enhanced compared to single kernel. Through these two means, the distribution discrepancy is reduced and the transferable features are learned. The proposed method is validated by transfer fault diagnosis experiments. Compared to CNN without domain adaptation and shallow transfer learning methods, the proposed method gets the best performance for fault classification.",https://ieeexplore.ieee.org/document/8809786/
Deep Semi-supervised Domain Generalization Network for Rotary Machinery Fault Diagnosis under Variable Speed,"Yixiao Liao, Ruyi Huang, Jipu Li, Zhuyun Chen, Weihua Li",IEEE Transactions on Instrumentation and Measurement,2020-10-01,174,블록 D: 가변속도 회전기계 대상 반지도 도메인 일반화(DSDGN). WGAN-GP 적대학습+의사라벨 반지도학습.타겟 속도 데이터 미사용 학습→미지 속도로 일반화.,domain generalization/variable speed/semi-supervised/WGAN-GP,"In recent years, deep learning has become a promising tool for rotary machinery fault diagnosis, but it works well only when testing samples and training samples are independent and identically distributed. In practice, rotary machinery usually works under variable speed. The change of speed leads to the variation of samples’ distribution, which can significantly decrease the performance of the deep learning model. Scholars try to utilize transfer learning techniques for solving this problem. However, most exiting methods can just work well under target speed instead of all speed, while the target samples are always required in model training. In this article, a deep semisupervised domain generalization network (DSDGN) is proposed for rotary machinery fault diagnosis under variable speed, which can generalize the model to the fault diagnosis task under unseen speed. Under the setting of semisupervised domain generalization, only one fully labeled source (LS) domain data set and one totally unlabeled source (US) domain data set are available during training. To make full use of these data, the proposed method simultaneously utilizes Wasserstein generative adversarial network with gradient penalty (WGAN-GP)-based adversarial learning and pseudolabel-based semisupervised learning for training. The transmission and bearing fault diagnosis cases are utilized for evaluation. The comparative experiments indicate that the proposed method has a better performance than other state-of-the-art methods.",https://ieeexplore.ieee.org/document/9088148/
A deep convolutional neural network with new training methods for bearing fault diagnosis under noisy environment and different working load,"Wěi Zhāng, Chuanhao Li, Gaoliang Peng, Yuanhang Chen, Zhujun Zhang",Mechanical Systems and Signal Processing,2018-02-01,1033,블록 D+공통 최고인용: WDCNN(넓은 첫커널 DCNN) 원논문. 원시진동신호 입력→잡음 강건+부하 변화 조건에서도 고정확도. 도메인적응 알고리즘 없이도 가변부하 대응.질문자 연구의 WDCNN과 직접 관련.,WDCNN/wide first kernel/bearing fault/noisy environment/variable load,"Abstract In recent years, intelligent fault diagnosis algorithms using machine learning technique have achieved much success. However, due to the fact that in real world industrial applications, the working load is changing all the time and noise from the working environment is inevitable, degradation of the performance of intelligent fault diagnosis methods is very serious. In this paper, a new model based on deep learning is proposed to address the problem. Our contributions of include: First, we proposed an end-to-end method that takes raw temporal signals as inputs and thus doesn’t need any time consuming denoising preprocessing. The model can achieve pretty high accuracy under noisy environment. Second, the model does not rely on any domain adaptation algorithm or require information of the target domain. It can achieve high accuracy when working load is changed. To understand the proposed model, we will visualize the learned features, and try to analyze the reasons behind the high performance of the model.",https://linkinghub.elsevier.com/retrieve/pii/S0888327017303369
Deep Transfer Learning for Bearing Fault Diagnosis: A Systematic Review Since 2016,"Xiaohan Chen, Rui Yang, Yihao Xue, Mengjie Huang, Roberto Ferrero, Zidong Wang",IEEE Transactions on Instrumentation and Measurement,2023-01-01,475,"블록 D 서베이(고인용 475): 2016년 이후 딥 전이학습 기반 베어링 결함진단 체계적 리뷰. 라벨/기기/결함 관점 태스노미, 라이프사이클 전체 커버.",deep transfer learning review/bearing fault diagnosis/taxonomy,"The traditional deep learning-based bearing fault diagnosis approaches assume that the training and test data follow the same distribution. This assumption, however, is not always true for the bearing data collected in practical scenarios, leading to a significant decline in fault diagnosis performance. In order to satisfy this assumption, the transfer learning concept is introduced in deep learning by transferring the knowledge learned from other data or models. Due to the excellent capability of feature learning and domain transfer, deep transfer learning methods have gained widespread attention in bearing fault diagnosis in recent years. This review presents a comprehensive review of the development of deep transfer learning-based bearing fault diagnosis approaches since 2016. In this review, a novel taxonomy of deep transfer learning-based bearing fault diagnosis methods is proposed from the perspective of target domain data properties divided by labels, machines, and faults. By covering the whole life cycle of deep transfer learning-based fault diagnosis and discussing the research challenges and opportunities, this review provides a systematic guideline for researchers and practitioners to efficiently identify suitable deep transfer learning models based on the actual problems encountered in bearing fault diagnosis.",https://ieeexplore.ieee.org/document/10042467/
Bearing fault diagnosis under variable speed conditions based on time series mixup and unsupervised domain adaptation,"Lingxuan Li, Zhenwei Ma, Zejun Yu, Xuesong Bai, Baoqiang Li",Measurement Science and Technology,2025-03-25,7,"블록 D: 가변속도 베어링 진단 위해 MR-CoTMix(멀티헤드 잔차네트+시계열Mixup+비지도 도메인적응) 제안. 복잡 수동특징추출 불필요, 평균 92% 이상 정확도.",variable speed/time series mixup/unsupervised domain adaptation,"Abstract The operation of rolling bearings under practical conditions often involves variable speed, which results in non-stationary vibrations. Extracting time-varying fault frequencies effectively from these non-stationary vibration signals due to speed fluctuations poses a significant challenge when assessing model performance and stability. In order to solve this problem, this paper proposes and constructs a multi-head attentive residual network MH-ResNet18 as a feature extraction, encoder and classifier fault diagnosis method MR-CoTMix by improving the backbone network consisting of encoders and classifiers on the basis of residual network. The proposed method is applied to the fault diagnosis under variable-speed conditioned task with an unsupervised domain adaptive contrast learning method to make the training process simpler and the diagnosis more effective. This method utilizes time series Mixup data augmentation and a multi-head self-attention residual network to eliminate the need for complex manual feature extraction. By introducing unsupervised domain adaptation transfer learning, it achieves unsupervised cross-domain fault diagnosis of unlabeled target domain data under variable speed conditions using labeled source domain data. The results of two sets of experiments demonstrate that the average accuracy and MF1 score remain above 92% and 96%, respectively. The MR-CoTMix method is more effective than current mainstream unsupervised domain-adaptive transfer learning methods. The proposed model exhibits excellent performance and stability in diagnosing bearing faults under non-stationary speed conditions.",https://iopscience.iop.org/article/10.1088/1361-6501/adc4fd
A bearing fault diagnosis method for hydrodynamic transmissions integrating few-shot learning and transfer learning,"Dong Sun, Xudong Yang, Hai Yang",Scientific Reports,2025-05-30,4,블록 D: Siamese-WDCNN 기반 퓨샷 학습+전이학습으로 수력전동기 베어링 진단. CWRU에서 사전학습→실제 산업 데이터로 미세조정.WDCNN 기반으로 질문자 연구와 직접 관련.,few-shot learning/Siamese-WDCNN/transfer learning/industrial bearing,"To address the insufficient generalization capability of bearing fault diagnosis models caused by scarce vibration data from high-power hydrodynamic transmission testbeds, this study proposes a diagnostic method integrating deep few-shot learning with transfer learning. First, a Siamese Wide Convolutional Neural Network (Siamese-WDCNN) is constructed based on public bearing datasets to extract essential features of vibration signals through few-shot contrastive learning. Second, we introduce a transfer learning strategy to address cross-condition generalization challenges. This approach adapts pre-trained model parameters from the CWRU dataset to real industrial hydrodynamic transmission data. We then fine-tune the model using limited target-domain samples to optimize performance. Experiments evaluating the generalization capability under variable operating conditions compare diagnostic performance across SVM, WDCNN, WDCNN + TL, FSL + TL, and FSL + TL + AM methods. Results demonstrate that FSL + TL achieves an accuracy of 85.30% under mixed operating conditions. Further optimization by incorporating an attention mechanism (FSL + TL + AM) elevates accuracy to 88.75%, effectively enhancing the generalization capability of the bearing fault diagnosis model. This validates the engineering practicality of the proposed method and explores a viable pathway for industrial equipment health monitoring.",https://www.nature.com/articles/s41598-025-04543-x
Impact of Data Leakage in Vibration Signals Used for Bearing Fault Diagnosis,"L.L. Wheat, Martin Mohrenschildt, Saeid Habibi, Dhafar Al-Ani",IEEE Access,2024-01-01,5,블록 E 핵심: 베어링 진단 진동데이터의 데이터 누수 영향 분석. 3가지 데이터 분할 방식 비교→40% 이상 정확도 차이 발견.McMaster/Paderborn 데이터셋에서 도메인 시프트 확인.55편 선행연구 중 10편 누수 가능성 지적.,data leakage/bearing fault diagnosis/data splitting/domain shift,"Bearing fault diagnosis is a well-developed field and an active area of research in which the combination of model-free machine learning techniques with vibration data has become a popular approach. However, vibration data from rotating machines has the potential to contain domain shifts beyond the accepted causes in this research area (different part models, operating conditions and sensor locations) which can enable data leakage between training and test datasets. To demonstrate the impact of data leakage, six common bearing diagnosis methods are applied to two datasets using three data splitting methods to compare classification performance. Diagnosis is preformed using Principal Component Analysis (PCA), Supervised Principal Component Analysis (SPCA) and Linear Discriminant Analysis (LDA) in combination with frequency analysis and envelope analysis feature extraction methods. Datasets from McMaster University and Paderborn University are used as experimental data sources, and produce vastly differing results (over a 40% drop in accuracy) depending on the selected dataset splitting method, revealing a previously unknown domain shift. Despite great results for diagnosis methods using frequency response analysis on the data from McMaster, these results are not expected to generalize due to possible data leakage. Out of fifty-five previous works using the Paderborn dataset, ten are identified as likely to be affected and only six properly address the problem. Recommendations are given for future experiment design, model creation and model evaluation.",https://ieeexplore.ieee.org/document/10752530/
Towards a more realistic evaluation of machine learning models for bearing fault diagnosis,"João Paulo Abreu Vieira, Victor Afonso Bauler, Rodrigo Kobashikawa Rosa, Danilo Silva",arXiv (Cornell University),2025-09-26,0,블록 E: 누수 없는 bearing-wise 분할 제안. 세그먼트/조건 분할의 과도낙관적 성능 지적→Macro AUROC 등 prevalence-independent 메트릭 제안.CWRU/Paderborn/UOttawa 3개 데이터셋 검증.,leakage-free evaluation/bearing-wise split/multi-label/overoptimistic accuracy,"Reliable detection of bearing faults is essential for maintaining the safety and operational efficiency of rotating machinery. While recent advances in machine learning (ML), particularly deep learning, have shown strong performance in controlled settings, many studies fail to generalize to real-world applications due to methodological flaws, most notably data leakage. This paper investigates the issue of data leakage in vibration-based bearing fault diagnosis and its impact on model evaluation. We demonstrate that common dataset partitioning strategies, such as segment-wise and condition-wise splits, introduce spurious correlations that inflate performance metrics. To address this, we propose a rigorous, leakage-free evaluation methodology centered on bearing-wise data partitioning, ensuring no overlap between the physical components used for training and testing. Additionally, we reformulate the classification task as a multi-label problem, enabling the detection of co-occurring fault types and the use of prevalence-independent metrics such as Macro AUROC. Beyond preventing leakage, we also examine the effect of dataset diversity on generalization, showing that the number of unique training bearings is a decisive factor for achieving robust performance. We evaluate our methodology on three widely adopted datasets: CWRU, Paderborn University (PU), and University of Ottawa (UORED-VAFCLS). This study highlights the importance of leakage-aware evaluation protocols and provides practical guidelines for dataset partitioning, model selection, and validation, fostering the development of more trustworthy ML systems for industrial fault diagnosis applications.",https://arxiv.org/abs/2509.22267
Test-Training Leakage in Evaluation of Machine Learning Algorithms for Condition-Based Maintenance,"Omri Matania, Roee Cohen, Eric Bechhoefer, Jacob Bortman",PHM Society European Conference,2024-06-27,3,블록 E: 진동신호 ML 평가 시 훈련-테스트 분리 오류(누수) 리뷰. 올바른 분할 방법 가이드라인 제시.,test-training leakage/vibration signal/evaluation methodology,"Many articles have been published utilizing machine learning algorithms for condition-based maintenance through the analysis of vibration signals. One extensively researched topic is the classification of fault types in rolling bearings. There is a fairly widespread problem in the evaluation of these learning algorithms, where the separation of examples between the test and training sets is incorrect, leading to an optimistic conclusion about the algorithm's performance even when it is not the case. In this article, we will review this issue and explain how the data should be properly divided between the test and training sets to avoid this occurrence.",https://papers.phmsociety.org/index.php/phme/article/view/4125
A Closer Look at Bearing Fault Classification Approaches,"Harika Abburi, Tanya Chaudhary, Sardar Haider Waseem Ilyas, Lakshmi Manne, Deepak Mittal, Edward Bowen, Don Williams, Derek Snaidauf, Balaji Veeramani",Annual Conference of the PHM Society,2023-09-29,10,블록 E: 베어링 결함 분류 모델 개발 시 데이터 분할·평가메트릭·라벨생성 방법의 영향 체계적 분석. 동일 베어링 데이터가 훈련/평가에 걸치면 과도낙관적 성능 확인.,bearing classification/data partition/evaluation metrics/overoptimistic,"Rolling bearing fault diagnosis has garnered increased attention in recent years owing to its presence in rotating machinery across various industries, and an ever increasing demand for efficient operations. Prompt detection and accurate prediction of bearing failures can help reduce the likelihood of unexpected machine downtime and enhance maintenance schedules, averting lost productivity. Recent technological advances have enabled monitoring the health of these assets at scale using a variety of sensors, and predicting the failures using modern Machine Learning (ML) approaches including deep learning architectures. Vibration data has been collected using accelerated run-to-failure of overloaded bearings, or by introducing known failure in bearings, under a variety of operating conditions such as rotating speed, load on the bearing, type of bearing fault, and data acquisition frequency. However, in the development of bearing failure classification models using vibration data there is a lack of consensus in the metrics used to evaluate the models, data partitions used to evaluate models, and methods used to generate failure labels in run-to-failure experiments. An understanding of the impact of these choices is important to reliably develop models, and deploy them in practical settings. In this work, we demonstrate the significance of these choices on the performance of the models using publicly-available vibration datasets, and suggest model development considerations for real world scenarios. Our experimental findings demonstrate that assigning vibration data from a given bearing across training and evaluation splits leads to over-optimistic performance estimates, PCA-based approach is able to robustly generate labels for failure classification in run-to-failure experiments, and $F$ scores are more insightful to evaluate the models with unbalanced real-world failure data.",https://arxiv.org/abs/2309.17001
Benchmarking deep learning models for bearing fault diagnosis using the CWRU dataset: A multi-label approach,"Rodrigo Kobashikawa Rosa, Danilo Braga, Danilo Silva",arXiv (Cornell University),2024-07-19,5,블록 E: CWRU 데이터셋 전통적 분할의 데이터 누수 지적+멀티라벨 공식화 제안. 로커 분할로 누수 완전 제거+F1/AUROC 등 prevalence-independent 메트릭 사용.1D/2D 딥러닝 벤치마크.,CWRU leakage/multi-label formulation/benchmark/ROC curve,"This paper proposes a novel approach for modeling the problem of fault diagnosis using the Case Western Reserve University (CWRU) bearing fault dataset. Although the dataset is considered a standard reference for testing new algorithms, the typical dataset division suffers from data leakage, as shown by Hendriks et al. (2022) and Abburi et al. (2023), leading to papers reporting over-optimistic results. While their proposed division significantly mitigates this issue, it does not eliminate it entirely. Moreover, their proposed multi-class classification task can still lead to an unrealistic scenario by excluding the possibility of more than one fault type occurring at the same or different locations. As advocated in this paper, a multi-label formulation (detecting the presence of each type of fault for each location) can solve both issues, leading to a scenario closer to reality. Additionally, this approach mitigates the heavy class imbalance of the CWRU dataset, where faulty cases appear much more frequently than healthy cases, even though the opposite is more likely to occur in practice. A multi-label formulation also enables a more precise evaluation using prevalence-independent evaluation metrics for binary classification, such as the ROC curve. Finally, this paper proposes a more realistic dataset division that allows for more diversity in the training dataset while keeping the division free from data leakage. The results show that this new division can significantly improve performance while enabling a fine-grained error analysis. As an application of our approach, a comparative benchmark is performed using several state-of-the-art deep learning models applied to 1D and 2D signal representations in time and/or frequency domains.",https://arxiv.org/abs/2407.14625
Are Novel Deep Learning Methods Effective for Fault Diagnosis?,"Dongnian Jiang, Chenxian He, Zeyang Chen, Jinjiang Zhao",IEEE Transactions on Reliability,2025-09-01,5,블록 E: 최신 딥러닝 베어링 진단 모델의 실제 성능 의문. 통일 데이터처리 프레임워크로 8개 SOTA 모델 재현→3개 공개 데이터셋 평가.실제 응용 여전히 심각한 과제.,SOTA models/reproducibility/bearing fault diagnosis/real-world challenges,"In recent years, deep learning has become the standard approach for fault diagnosis in mechanical equipment, with models becoming increasingly complex and large in scale. Through a thorough review and analysis of existing literature, we found that while many studies report performance improvements with the latest models, there has been no comparison of state-of-the-art (SOTA) methods. This gap is primarily due to two factors: first, the wide variation in the quality and nature of fault diagnosis data leads to significant performance fluctuations across different datasets; second, the diverse preprocessing methods employed make it challenging to compare models objectively. For instance, while deep learning has demonstrated high accuracy in bearing fault diagnosis, variations in vibration signal processing methods often skew the evaluation of model performance. To address these issues and evaluate the true performance of the latest deep learning models for fault diagnosis, this article establishes a unified data processing framework that ensures fair performance comparisons across models. Using this framework, we reproduce eight SOTA deep learning models and assess their effectiveness on three publicly available bearing datasets. Additionally, we design three benchmark models to quantify performance differences. The experimental results highlight that current deep learning-based fault diagnosis methods still face significant challenges in real-world applications. Finally, the future research directions in this domain are given.",https://ieeexplore.ieee.org/document/10795217/